Horodateur,Souhaitez vous accepter le traitement de vos donnÃ©es ?,Quels genres Ã©coutez-vous le plus ?,PÃ©riode(s) Ã©coutÃ©e(s) ,Langue(s) Ã©coutÃ©e(s),Sur quelle plateforme Ã©coutez vous de la musique ?,Influence culturelle,Ã€ quelle frÃ©quence Ã©coutez-vous de la musique ?, [Ligne 1],Souhaitez-vous rÃ©pondre Ã  des questions plus personnelles ?,Quel est votre Ã¢ge ?,Sous quel(s) mood(s) Ã©coutez-vous de la musique ?,Colonne 12,Quelle est la durÃ©e moyenne des sons que vous Ã©coutez ?,Dans quel contexte Ã©coutez-vous vos musiques ?,Reconnaissez-vous avoir lu et acceptÃ© ces conditions.,Quel est votre artiste ou groupe prÃ©fÃ©rÃ© ?,Quel est votre morceau prÃ©fÃ©rÃ© en ce moment ? ,La musique influence-t-elle votre humeur ?,Quelle est votre situation  ? ,Quel est votre sexe ?,Colonne 20,dzdzd,Souhaitez-vous envoyer le questionnaire ?,Colonne 16,Colonne 16,Colonne 17,Colonne 15
06/10/2025 16:22:30,,"Electro / Techno, Pop, Rap","2020â€™s, 2010â€™s","FranÃ§ais, Anglais, Portugais",Spotify,,Plus dâ€™une fois par jour,,Oui,20 - 29 ans,"Good vibes, SoirÃ©e, Chill, Love",,Moins 5 minutes,"Entre amis, En famille, Seul(e), En fÃªte",J'accepte,Damso ,Un monde Ã  lâ€™autre ,Non,Etudiant(e),Homme,,,,,,,
06/10/2025 16:29:07,,"Pop, Rap, R'n'B","2020â€™s, 2010â€™s, 2000â€™s","FranÃ§ais, Anglais",Spotify,,Plus dâ€™une fois par semaine,,Oui,10 - 19 ans,Good vibes,,Moins 5 minutes,"Entre amis, Seul(e), En fÃªte",J'accepte,Lana Del Rey,Parfum Dakeez,Oui,Etudiant(e),Femme,,,,,,,
06/10/2025 16:29:31,,Rap,"2020â€™s, 2010â€™s",FranÃ§ais,Spotify,,Plus dâ€™une fois par jour,,Oui,10 - 19 ans,"Good vibes, Motivation, SoirÃ©e, Chill, Tristesse",,Moins 5 minutes,"Entre amis, Seul(e), En fÃªte",J'accepte,"Ninho, Tiakola ","Chaque jour - Landy, Leto, Rsko",Oui,Etudiant(e),Homme,,,,,,,
06/10/2025 16:29:37,,"Electro / Techno, Musique latine, Pop","2020â€™s, 2010â€™s, 2000â€™s","FranÃ§ais, Anglais, Espagnol, allemand",Spotify,,Plus dâ€™une fois par jour,,Oui,20 - 29 ans,"Good vibes, Motivation, SoirÃ©e",,Moins 5 minutes,"Entre amis, Seul(e), En fÃªte",J'accepte,Fantasm / Restricted ,Buttercup with an Axe,Oui,Etudiant(e),Femme,,,,,,,
06/10/2025 16:29:48,,"Disco, Electro / Techno, Pop","2010â€™s, 2000â€™s, 1990â€™s","FranÃ§ais, Anglais",Spotify,,Plus dâ€™une fois par jour,,Oui,40 - 49 ans,"Motivation, Sport",,Moins 5 minutes,"Seul(e), En fÃªte",J'accepte,Jean Jacques Goldman,Puisque tu pars jjg ,Oui,Artisan,Homme,,,,,,,
06/10/2025 16:31:36,,"K-pop, Reggae, Rock 'n' roll","2020â€™s, 2010â€™s, 2000â€™s, 1990â€™s, 1980â€™s","Anglais, CorÃ©en",AppleMusic,,Plus dâ€™une fois par jour,,Oui,20 - 29 ans,"Good vibes, Motivation, Chill",,Moins 5 minutes,"Entre amis, En famille, Seul(e)",J'accepte,Stray Kids,Dancing queen - P1harmony,Oui,Etudiant(e),Femme,,,,,,,
06/10/2025 16:32:06,,Rap,"2020â€™s, 2010â€™s","FranÃ§ais, Anglais, Espagnol","Spotify, Youtube",,Plus dâ€™une fois par jour,,Non,,,,Moins 5 minutes,"Entre amis, En famille, Seul(e), En fÃªte",J'accepte,,,,,,,,,,,,
06/10/2025 16:32:20,,"Pop, Rap, Rock 'n' roll","2010â€™s, 2000â€™s","FranÃ§ais, Anglais, Sans parole",Youtube,,Plus dâ€™une fois par jour,,Oui,20 - 29 ans,"Motivation, Chill, Focus",,Moins 5 minutes,"En famille, Seul(e)",J'accepte,Mili,World.execute(me),Oui,Etudiant(e),Homme,,,,,,,
06/10/2025 16:36:49,,"Musique latine, Pop, Rap","2020â€™s, 2010â€™s, 2000â€™s","FranÃ§ais, Anglais, Espagnol","Spotify, Youtube, Radio",,Plus dâ€™une fois par jour,,Oui,40 - 49 ans,"Good vibes, Motivation, SoirÃ©e",,Moins 5 minutes,"Entre amis, En famille, Seul(e)",J'accepte,Imagine dragons,Bleu soleil luiza ,Oui,En emploi,Femme,,,,,,,
06/10/2025 16:37:07,,"Electro / Techno, Rap","2020â€™s, 2010â€™s, 2000â€™s","FranÃ§ais, Anglais, Espagnol, Sans parole","Spotify, Youtube",,Plus dâ€™une fois par jour,,Oui,10 - 19 ans,"Good vibes, SoirÃ©e, Chill, Tristesse, Focus",,Moins 5 minutes,"Entre amis, En famille, Seul(e), En fÃªte",J'accepte,Ziak,112 - JRK19 ft. Freeze Corleone,Oui,Etudiant(e),Homme,,,,,,,
06/10/2025 16:39:32,,"Hip-Hop, R'n'B","2020â€™s, 2010â€™s","FranÃ§ais, Anglais",Spotify,,Plus dâ€™une fois par jour,,Oui,20 - 29 ans,"Good vibes, Motivation, Chill, Tristesse, Love, Focus",,Moins 5 minutes,"Entre amis, Seul(e), En fÃªte",J'accepte,Josman/Laylow,My heart. de STI,Oui,Etudiant(e),Homme,,,,,,,
06/10/2025 16:40:49,,"Disco, Electro / Techno, Pop","2020â€™s, 2010â€™s, 2000â€™s, 1990â€™s, 1980â€™s, 1970â€™s ou avant","FranÃ§ais, Anglais, CorÃ©en",Spotify,,Plus dâ€™une fois par jour,,Oui,20 - 29 ans,"Good vibes, Chill, Focus",,Moins 5 minutes,"Entre amis, Seul(e), En fÃªte",J'accepte,Yoasobi,Starlight - The Supermen Lovers,Non,Etudiant(e),Homme,,,,,,,
06/10/2025 16:45:12,,"Classique, Pop, Rap","2020â€™s, 2010â€™s, 1970â€™s ou avant","FranÃ§ais, Anglais",Spotify,,Plus dâ€™une fois par jour,,Oui,10 - 19 ans,"Good vibes, SoirÃ©e, Chill, Tristesse, Love, Focus",,Moins 5 minutes,"Entre amis, Seul(e), En fÃªte",J'accepte,Trop dur Ã  choisir,Je ne sais pas ,Oui,Etudiant(e),Homme,,,,,,,
06/10/2025 16:48:37,,"Pop, Rap",Ne souhaite pas rÃ©pondre,"FranÃ§ais, Anglais",Spotify,,Plus dâ€™une fois par jour,,Oui,10 - 19 ans,Chill,,Moins 5 minutes,Seul(e),J'accepte,Joji,Baja ~ BONES,Oui,Etudiant(e),Homme,,,,,,,
06/10/2025 16:50:07,,Rap,Ne souhaite pas rÃ©pondre,"FranÃ§ais, Anglais",Spotify,,Plus dâ€™une fois par semaine,,Non,,,,Plus de 10 minutes,"Entre amis, Seul(e), En fÃªte",J'accepte,,,,,,,,,,,,
06/10/2025 16:52:32,,"Hard rock, Rap","2000â€™s, 1990â€™s, 1980â€™s","FranÃ§ais, Anglais",Youtube,,Plus dâ€™une fois par jour,,Non,,,,Moins 5 minutes,"Seul(e), En fÃªte",J'accepte,,,,,,,,,,,,
06/10/2025 16:52:55,,"Electro / Techno, Musique latine, Rap","2020â€™s, 2010â€™s, 2000â€™s, 1990â€™s, 1980â€™s",FranÃ§ais,"Youtube, Radio",,Plus dâ€™une fois par jour,,Non,,,,Moins 5 minutes,"Seul(e), En fÃªte",J'accepte,,,,,,,,,,,,
06/10/2025 16:53:26,,"Classique, Pop, Rock 'n' roll","2020â€™s, 2010â€™s, 2000â€™s, 1990â€™s, 1980â€™s, 1970â€™s ou avant","FranÃ§ais, Anglais, Espagnol, CorÃ©en, Sans parole","Deezer, Spotify, Youtube",,Plus dâ€™une fois par jour,,Non,,,,Plus de 10 minutes,"Entre amis, Seul(e), En fÃªte",J'accepte,,,,,,,,,,,,
06/10/2025 16:57:05,,"Hard rock, Metal, Pop","2020â€™s, 2010â€™s, 2000â€™s, 1990â€™s, 1980â€™s","FranÃ§ais, Anglais, Indien",Deezer,,Plus dâ€™une fois par jour,,Oui,20 - 29 ans,"Good vibes, Motivation, Chill, Tristesse, Focus",,Moins de 10 minutes,Seul(e),J'accepte,System of a Down,Oblivion de Mastodon,Oui,Etudiant(e),Homme,,,,,,,
06/10/2025 16:58:53,,"Metal, Pop, Rap","2020â€™s, 2010â€™s","FranÃ§ais, Anglais, CorÃ©en","Deezer, Spotify, Youtube",,Plus dâ€™une fois par jour,,Oui,20 - 29 ans,"Good vibes, Motivation, Chill, Focus",,Moins 5 minutes,Seul(e),J'accepte,Skillet,Diamond Eyes Shinedown,Oui,En recherche d'emploi,Homme,,,,,,,
06/10/2025 16:58:55,,"Classique, Disco, Musique latine",2020â€™s,"FranÃ§ais, Espagnol, Portugais",Youtube,,Plus dâ€™une fois par semaine,,Non,,,,Plus de 10 minutes,Seul(e),J'accepte,,,,,,,,,,,,
06/10/2025 16:59:38,,"Electro / Techno, Pop, Rap","2020â€™s, 2010â€™s","FranÃ§ais, Anglais, Japonais, CorÃ©en, Sans parole","Youtube, AppleMusic",,Plus dâ€™une fois par jour,,Oui,20 - 29 ans,"Good vibes, SoirÃ©e, Chill, Tristesse, Focus",,Moins 5 minutes,"Entre amis, Seul(e), En fÃªte",J'accepte,Luther,melodrama de Disiz ft. Theodora,Oui,En emploi,Homme,,,,,,,
06/10/2025 17:02:10,,"Metal, Pop, Reggae","2020â€™s, 2010â€™s, 2000â€™s, 1990â€™s, 1980â€™s, 1970â€™s ou avant","FranÃ§ais, Anglais, Espagnol",Youtube,,Plus dâ€™une fois par jour,,Oui,40 - 49 ans,"Good vibes, Motivation, SoirÃ©e",,Moins 5 minutes,"Entre amis, En famille, Seul(e), En fÃªte",J'accepte,Renaud,Charger Remix 70,Oui,En emploi,Homme,,,,,,,
06/10/2025 17:03:10,,"Electro / Techno, Rap, Rock 'n' roll","2020â€™s, 2010â€™s, 2000â€™s, 1990â€™s, 1980â€™s, 1970â€™s ou avant","FranÃ§ais, Anglais, Japonais, CorÃ©en, Sans parole",Spotify,,Plus dâ€™une fois par jour,,Oui,20 - 29 ans,"Good vibes, SoirÃ©e, Chill, Tristesse, Focus",,Moins 5 minutes,"Entre amis, En famille, Seul(e), En fÃªte",J'accepte,En ce moment LivaÃ¯,Nous deux c'est mieux <3,Oui,Etudiant(e),Homme,,,,,,,
06/10/2025 17:03:46,,"Hard rock, Pop, Rap","2000â€™s, 1990â€™s, 1980â€™s","FranÃ§ais, Anglais, Sans parole","Spotify, Youtube",,Plus dâ€™une fois par jour,,Oui,20 - 29 ans,"Good vibes, Motivation, SoirÃ©e, Chill, Tristesse",,Moins 5 minutes,"Entre amis, En famille, Seul(e)",J'accepte,Three Days Grace,Riptide (de Grandson),Oui,Etudiant(e),Homme,,,,,,,
06/10/2025 17:08:01,,"Classique, Hip-Hop, Pop","2020â€™s, 2010â€™s, 2000â€™s, 1990â€™s","FranÃ§ais, Anglais, Espagnol, Japonais, Sans parole","Spotify, Youtube",,Plus dâ€™une fois par jour,,Oui,20 - 29 ans,"Good vibes, Chill, Tristesse, Love",,Plus de 10 minutes,"En famille, Seul(e)",J'accepte,,,Oui,Etudiant(e),Homme,,,,,,,
06/10/2025 17:08:30,,"Classique, Electro / Techno, Hard rock","2000â€™s, 1990â€™s","FranÃ§ais, Anglais, Sans parole",Youtube,,Plus dâ€™une fois par jour,,Oui,10 - 19 ans,"Good vibes, Chill, Tristesse",,Moins de 10 minutes,Seul(e),J'accepte,,the rain formerly known as purple,Oui,Etudiant(e),Homme,,,,,,,
06/10/2025 17:13:05,,"Electro / Techno, Hard rock, Metal","2010â€™s, 2000â€™s, 1990â€™s","FranÃ§ais, Anglais",Spotify,,Plus dâ€™une fois par jour,,Oui,10 - 19 ans,"Good vibes, Chill, Focus",,Moins 5 minutes,Seul(e),J'accepte,Billie Eilish / Queen,Just Keep watching ,Oui,Etudiant(e),Homme,,,,,,,
06/10/2025 17:16:59,,"Musique latine, Pop","2020â€™s, 1990â€™s, 1980â€™s, 1970â€™s ou avant","FranÃ§ais, Espagnol","Deezer, Spotify",,Plus dâ€™une fois par jour,,Oui,20 - 29 ans,"Good vibes, Motivation, SoirÃ©e, Focus",,Moins 5 minutes,"Entre amis, Seul(e), En fÃªte",J'accepte,Aucun en particulier,je n'en ai pas ,Oui,Etudiant(e),Femme,,,,,,,
06/10/2025 17:19:34,,Rap,"2020â€™s, 2010â€™s","FranÃ§ais, Anglais, Espagnol","Spotify, Youtube",,Plus dâ€™une fois par semaine,,Oui,10 - 19 ans,"Good vibes, Motivation, SoirÃ©e, Chill, Tristesse, Focus",,Moins 5 minutes,"Entre amis, En famille, Seul(e), En fÃªte",J'accepte,Ninho,Barcola ,Non,Etudiant(e),Homme,,,,,,,
06/10/2025 17:33:46,,"Rap, Reggae, R'n'B","2020â€™s, 2000â€™s, 1990â€™s","FranÃ§ais, Anglais, Espagnol",Youtube,,Plus dâ€™une fois par jour,,Oui,50+ ans,"Good vibes, Motivation, SoirÃ©e",,Plus de 10 minutes,"Entre amis, En famille, Seul(e), En fÃªte",J'accepte,Calogero ,Danyl Les zhommes,Non,En emploi,Femme,,,,,,,
06/10/2025 17:50:19,,"Electro / Techno, Hip-Hop, Rap","2020â€™s, 2010â€™s, 2000â€™s","FranÃ§ais, Anglais, Allemand","Spotify, Youtube",,Plus dâ€™une fois par jour,,Oui,20 - 29 ans,Ne souhaite pas rÃ©pondre,,Moins 5 minutes,"Entre amis, Seul(e), En fÃªte",J'accepte,Femtogo,skrt cobain - Red Bottoms,Oui,Etudiant(e),Homme,,,,,,,
06/10/2025 17:53:34,,"Musique latine, Pop, Rap","2020â€™s, 2010â€™s, 1980â€™s","FranÃ§ais, Anglais, Espagnol, Portugais","Deezer, Spotify",,Plus dâ€™une fois par jour,,Oui,20 - 29 ans,"Good vibes, SoirÃ©e, Chill, Tristesse",,Moins 5 minutes,"Entre amis, En famille, Seul(e), En fÃªte",J'accepte,Bad Bunny ,DANCE CRIP de Trueno,Oui,Etudiant(e),Femme,,,,,,,
06/10/2025 17:54:32,,"Metal, Rap, Rock 'n' roll","2010â€™s, 1990â€™s, 1980â€™s","FranÃ§ais, Anglais, Sans parole","Spotify, Youtube",,Plus dâ€™une fois par jour,,Non,,,,Plus de 10 minutes,"Entre amis, En famille, Seul(e), En fÃªte",J'accepte,,,,,,,,,,,,
06/10/2025 18:01:03,,"Electro / Techno, Pop, Rap","2020â€™s, 2010â€™s, 2000â€™s","FranÃ§ais, Anglais, Sans parole","Spotify, Youtube",,Plus dâ€™une fois par jour,,Oui,20 - 29 ans,Tous,,Environ 3 minutes,"Entre amis, En famille, Seul(e), En fÃªte",J'accepte,Stromae,Music Sounds Better With You - Stardust,Oui,En emploi,Homme,,,,,,,
06/10/2025 18:02:36,,"Disco, Musique latine","2020â€™s, 2000â€™s, 1970â€™s ou avant","FranÃ§ais, Anglais, Espagnol",Youtube,,Plus dâ€™une fois par semaine,,Oui,50+ ans,SoirÃ©e,,Moins 5 minutes,"En famille, Seul(e), En fÃªte",J'accepte,,,Oui,En emploi,Femme,,,,,,,
06/10/2025 18:02:45,,"Hard rock, Pop, Rock 'n' roll","2020â€™s, 2010â€™s, 2000â€™s","FranÃ§ais, Anglais, Espagnol, Japonais",Deezer,,Plus dâ€™une fois par jour,,Oui,20 - 29 ans,"Good vibes, SoirÃ©e, Chill, Focus",,Moins 5 minutes,"Entre amis, En famille, Seul(e), En fÃªte, Avec ma copine",J'accepte,Muse,New Born - Muse,Oui,Etudiant(e),Homme,,,,,,,
06/10/2025 18:11:11,,"Classique, K-pop, Pop","2020â€™s, 2010â€™s, 2000â€™s","FranÃ§ais, Anglais, Espagnol, Japonais, CorÃ©en","Spotify, Youtube",,Plus dâ€™une fois par jour,,Oui,10 - 19 ans,"Good vibes, SoirÃ©e, Chill, Focus",,Plus de 10 minutes,"Entre amis, Seul(e)",J'accepte,Blackpink,A Song for Us to Sing (Tenblank feat Yukino Sakurai),Oui,Etudiant(e),Homme,,,,,,,
06/10/2025 18:22:02,,"Disco, Electro / Techno, Pop",1990â€™s,"FranÃ§ais, Anglais, Japonais, CorÃ©en",Spotify,,Plus dâ€™une fois par jour,,Oui,20 - 29 ans,"Good vibes, Motivation, SoirÃ©e, Chill, Tristesse, Focus",,Moins 5 minutes,Seul(e),J'accepte,Barbara Pravi,"Remember Me ""Clara Moroni""",Oui,Etudiant(e),Honda CRX ED8 1.6l 16v DOHC 130ch ,,,,,,,
06/10/2025 18:30:01,,"Disco, Reggae, Rock 'n' roll","2010â€™s, 2000â€™s, 1990â€™s, 1980â€™s, 1970â€™s ou avant","FranÃ§ais, Anglais",Spotify,,Plus dâ€™une fois par jour,,Oui,50+ ans,"Motivation, SoirÃ©e",,Plus de 10 minutes,"Entre amis, En famille, Seul(e), En fÃªte",J'accepte,Kyo,,Non,En emploi,Femme,,,,,,,
06/10/2025 18:34:39,,"Pop, Rap",2020â€™s,"FranÃ§ais, Anglais",Spotify,,Plus dâ€™une fois par jour,,Oui,20 - 29 ans,"Good vibes, Motivation, SoirÃ©e, Chill",,Moins 5 minutes,"Entre amis, En famille, Seul(e), En fÃªte",J'accepte,,,Non,En emploi,Femme,,,,,,,
06/10/2025 18:44:08,,"Hip-Hop, Rap, R'n'B","2020â€™s, 2010â€™s, 2000â€™s, 1990â€™s, 1980â€™s","FranÃ§ais, Anglais","Spotify, Youtube",,Plus dâ€™une fois par jour,,Oui,20 - 29 ans,Ne souhaite pas rÃ©pondre,,Moins 5 minutes,"Entre amis, Seul(e), En fÃªte",J'accepte,Radiohead,"0gravitÃ© ( TKKF,LaÃ¯oss)",Oui,En recherche d'emploi,Homme,,,,,,,
06/10/2025 18:44:57,,"Electro / Techno, Rap, R'n'B","2020â€™s, 2010â€™s, 2000â€™s, 1990â€™s, 1980â€™s","FranÃ§ais, Anglais, Espagnol",Spotify,,Plus dâ€™une fois par jour,,Oui,30 - 39 ans,"Good vibes, SoirÃ©e",,Moins de 2 minutes,"Entre amis, En famille, Seul(e), En fÃªte",J'accepte,Ed sheran,Soleil bleu ,Oui,En emploi,Femme,,,,,,,
06/10/2025 18:48:43,,"Rap, Rock 'n' roll, R'n'B","2020â€™s, 2010â€™s, 2000â€™s","FranÃ§ais, Anglais, Espagnol","Spotify, Youtube",,Plus dâ€™une fois par jour,,Oui,40 - 49 ans,"Good vibes, Chill, Tristesse",,Plus de 10 minutes,"En famille, Seul(e)",J'accepte,Diam's,Na Le Omiki,Oui,En emploi,Femme,,,,,,,
06/10/2025 18:58:51,,"Hip-Hop, Pop, Rock 'n' roll","2000â€™s, 1990â€™s","FranÃ§ais, Anglais",Spotify,,Plus dâ€™une fois par semaine,,Oui,30 - 39 ans,"Good vibes, Chill",,Plus de 10 minutes,Seul(e),J'accepte,Dropkick Murphys ,Georgio - dans mon Ã©lÃ©ment ,Oui,Aviculteur Ã  mon compte ,Homme,,,,,,,
06/10/2025 19:00:54,,"Hip-Hop, Pop, Rap","2020â€™s, 2010â€™s, 2000â€™s","FranÃ§ais, Anglais, CorÃ©en","Spotify, Youtube",,Plus dâ€™une fois par jour,,Oui,10 - 19 ans,"Good vibes, Chill, Tristesse",,Moins 5 minutes,"Seul(e), En fÃªte",J'accepte,Azali ,Indigo night-Tamino ,Oui,En recherche d'emploi,Homme,,,,,,,
06/10/2025 19:04:33,,"Classique, Electro / Techno, Hard rock","2020â€™s, 2010â€™s, 2000â€™s, 1990â€™s, 1980â€™s, 1970â€™s ou avant","FranÃ§ais, Anglais, Espagnol, Sans parole",Youtube,,Plus dâ€™une fois par jour,,Oui,40 - 49 ans,"Good vibes, Motivation, SoirÃ©e, Chill, Focus",,Plus de 10 minutes,"Entre amis, En famille, Seul(e), En fÃªte",J'accepte,Q-Lee,"Tatora, On my own",Oui,En emploi,Homme,,,,,,,
06/10/2025 19:04:39,,"Musique latine, Pop, Rap","2020â€™s, 2010â€™s, 2000â€™s, 1990â€™s","FranÃ§ais, Anglais, Espagnol, Cyrillique","Spotify, Youtube",,Plus dâ€™une fois par jour,,Oui,20 - 29 ans,"Good vibes, Chill, Focus, En voiture, en cuisine",,Moins 5 minutes,"Entre amis, Seul(e)",J'accepte,bbno$,El biper,Oui,Etudiant(e),Homme,,,,,,,
06/10/2025 19:06:32,,"Musique latine, Rap, R'n'B","2020â€™s, 2010â€™s, 2000â€™s","FranÃ§ais, Anglais, Espagnol, Portugais","Spotify, Youtube",,Plus dâ€™une fois par jour,,Oui,20 - 29 ans,"Good vibes, SoirÃ©e, Chill, Focus",,Moins 5 minutes,"En famille, Seul(e), En fÃªte",J'accepte,,Afsana de Fally Ipupa,Oui,Etudiant(e),Femme,,,,,,,
06/10/2025 19:13:18,,"Electro / Techno, Pop, Reggae","2020â€™s, 2000â€™s, 1990â€™s, 1980â€™s, 1970â€™s ou avant","FranÃ§ais, Anglais, Espagnol","Deezer, Spotify, Youtube, Soundcloud ",,Plus dâ€™une fois par jour,,Oui,40 - 49 ans,"Good vibes, Motivation, SoirÃ©e, Chill, Tristesse",,Plus de 10 minutes,"Entre amis, En famille, Seul(e), En fÃªte",J'accepte,Creeds,Ordinary- Alex warren,Oui,En emploi,Femme,,,,,,,
06/10/2025 19:14:10,,"Disco, Musique latine, Rock 'n' roll","2010â€™s, 2000â€™s, 1980â€™s","FranÃ§ais, Anglais, Espagnol","Spotify, Youtube, Radio",,Plus dâ€™une fois par jour,,Non,,,,Plus de 10 minutes,"En famille, Seul(e), En fÃªte",J'accepte,,,,,,,,,,,,
06/10/2025 19:19:15,,"Electro / Techno, Funk, Pop",Ne souhaite pas rÃ©pondre,Sans parole,Youtube,,Plus dâ€™une fois par jour,,Oui,20 - 29 ans,"Good vibes, Tristesse, Focus",,Moins 5 minutes,Seul(e),J'accepte,Stromae,"Denzel Curry, Gizzle, Bren Joy - Dynasties & Dystopia",Oui,Etudiant(e),Homme,,,,,,,
06/10/2025 19:25:43,,"Musique latine, Pop, Reggae","2020â€™s, 1990â€™s","FranÃ§ais, Anglais, Espagnol","Spotify, Youtube",,Plus dâ€™une fois par jour,,Non,,,,Moins 5 minutes,Seul(e),J'accepte,,,,,,,,,,,,
06/10/2025 19:31:03,,"Metal, Rap, musique d'avertissement de la SNCF","2020â€™s, 2010â€™s, 2000â€™s","FranÃ§ais, Anglais","Spotify, Youtube",,Plus dâ€™une fois par jour,,Oui,20 - 29 ans,"Good vibes, Motivation, Chill",,Moins 5 minutes,"Seul(e), sur le route, en dep",J'accepte,accept,fast as a shark,Oui,En emploi,Homme,,,,,,,
06/10/2025 19:31:45,,"Electro / Techno, Hard rock, Metal","2020â€™s, 2010â€™s, 2000â€™s, 1990â€™s, 1980â€™s, 1970â€™s ou avant, musique classique","FranÃ§ais, Anglais, Espagnol, Japonais, Sans parole, chinois",Spotify,,plus d'une fois par heure,,Oui,20 - 29 ans,"Good vibes, Motivation, SoirÃ©e, Chill, Tristesse, Focus",,Moins de 10 minutes,"Entre amis, Seul(e)",J'accepte,"Galneryus, Motorhead, Van Halen",Swimming Pools (Kendrick Lamar),Oui,En recherche d'emploi,Homme,,,,,,,
06/10/2025 19:40:27,,"Hip-Hop, Metal, Pop","2020â€™s, 2010â€™s, 2000â€™s, 1990â€™s, 1980â€™s, 1970â€™s ou avant","FranÃ§ais, Anglais, Japonais","Spotify, Youtube",,Plus dâ€™une fois par jour,,Oui,20 - 29 ans,"Good vibes, Motivation, SoirÃ©e, Chill, Tristesse, Focus",,Moins 5 minutes,"Seul(e), En fÃªte",J'accepte,Jorge Rivera-Herrans,Mesh - Ollie Lewin,Oui,Etudiant(e),Homme,,,,,,,
06/10/2025 19:43:58,,Metal,"2020â€™s, 2010â€™s, 2000â€™s, 1990â€™s",Anglais,Spotify,,Plus dâ€™une fois par jour,,Oui,20 - 29 ans,"Good vibes, Motivation, Chill, Tristesse, Focus",,Moins 5 minutes,Seul(e),J'accepte,Linkin Park,Enter Sandman ,Oui,Etudiant(e),Homme,,,,,,,
06/10/2025 19:49:20,,Metal,"2020â€™s, 2010â€™s",Anglais,Spotify,,Plus dâ€™une fois par jour,,Oui,20 - 29 ans,"Good vibes, Motivation, Chill, Focus",,Moins 5 minutes,Seul(e),J'accepte,Poppy,Surviving on Defiance,Oui,Etudiant(e),Homme,,,,,,,
06/10/2025 19:56:55,,Classique,1980â€™s,FranÃ§ais,Radios ,,Plus dâ€™une fois par jour,,Non,,,,Plus de 10 minutes,Seul(e),J'accepte,,,,,,,,,,,,
06/10/2025 19:57:45,,"Country, Disco, Reggae",1980â€™s,"FranÃ§ais, Anglais","Spotify, Youtube",,Plus dâ€™une fois par semaine,,Non,,,,Moins de 2 minutes,Entre amis,J'accepte,,,,,,,,,,,,
06/10/2025 20:02:49,,"Disco, Metal","2000â€™s, 1990â€™s",FranÃ§ais,Youtube,,Moins d'une fois par mois,,Non,,,,Moins de 10 minutes,Seul(e),J'accepte,,,,,,,,,,,,
06/10/2025 20:05:51,,"Disco, Reggae",1970â€™s ou avant,"FranÃ§ais, Anglais",Youtube,,Plus dâ€™une fois par jour,,Non,,,,Plus de 10 minutes,"En famille, Seul(e), En fÃªte",J'accepte,,,,,,,,,,,,
06/10/2025 20:12:12,,"Country, Electro / Techno, Musique latine",Ne souhaite pas rÃ©pondre,"FranÃ§ais, Anglais, Espagnol, Japonais",Spotify,,touts les jours ,,Oui,20 - 29 ans,"Good vibes, Motivation, Chill",,pas mal d heures,Seul(e),J'accepte,Coelho,Valhalla Calling Again: Dark Viking Music & Valkyrie Battle Songs (Dark Ritual Folk),Non,Etudiant(e),Porsche 911 Carrera : Ã  partir de 124 885â‚¬ ,,,,,,,
06/10/2025 20:14:43,,"Hip-Hop, Pop, Rock 'n' roll","2020â€™s, 2010â€™s, 2000â€™s, 1990â€™s, 1980â€™s","FranÃ§ais, Anglais",Spotify,,Plus dâ€™une fois par jour,,Non,,,,Moins 5 minutes,"Entre amis, Seul(e), En fÃªte",J'accepte,,,,,,,,,,,,
06/10/2025 20:15:01,,"Pop, Rap, Rock 'n' roll","2000â€™s, 1990â€™s, 1980â€™s, 1970â€™s ou avant","FranÃ§ais, Anglais",Deezer,,Plus dâ€™une fois par jour,,Non,,,,Moins 5 minutes,"Entre amis, Seul(e), En fÃªte",J'accepte,,,,,,,,,,,,
06/10/2025 20:38:19,,"Hip-Hop, Pop, Rap","2020â€™s, 2010â€™s, 2000â€™s","FranÃ§ais, Anglais","Spotify, Youtube",,Plus dâ€™une fois par jour,,Oui,10 - 19 ans,"Good vibes, Chill, Focus",,Moins 5 minutes,"En famille, Seul(e), En fÃªte",J'accepte,La mano,Iâ€™am sorry la mano,Oui,Etudiant(e),Homme,,,,,,,
06/10/2025 20:47:16,,Disco,1980â€™s,"FranÃ§ais, Anglais","Youtube, radio",,Plus dâ€™une fois par jour,,Non,,,,Moins 5 minutes,"En famille, Seul(e), En fÃªte",J'accepte,,,,,,,,,,,,
06/10/2025 20:57:48,,"Hip-Hop, Rap, Rock 'n' roll","2020â€™s, 2010â€™s, 2000â€™s, 1990â€™s","FranÃ§ais, Anglais",Spotify,,Plus dâ€™une fois par jour,,Oui,10 - 19 ans,"Good vibes, Motivation, Chill",,Moins 5 minutes,"Entre amis, En famille, Seul(e), Ne souhaite pas rÃ©pondre",J'accepte,en ce moment radiohead ,remember the time de Michael Jackson (Ã©coutez),Oui,nerd mais aussi Ã©tudiant a mes temps perdus.,Porsche 911 type 964,,,,,,,
06/10/2025 21:02:27,,"Disco, Musique latine, Rap","2020â€™s, 2000â€™s, 1990â€™s, 1980â€™s","FranÃ§ais, Espagnol, Italien","Youtube, Ã€ la voiture et sue la tÃ©lÃ©",,Plus dâ€™une fois par jour,,Non,,,,Plus de 10 minutes,"En famille, Seul(e), En fÃªte",J'accepte,,,,,,,,,,,,
06/10/2025 21:28:37,,R'n'B,2000â€™s,"FranÃ§ais, Anglais",Spotify,,Plus dâ€™une fois par jour,,Oui,30 - 39 ans,"Good vibes, Motivation, SoirÃ©e",,Moins de 10 minutes,Seul(e),J'accepte,Gims,Gims ciel,Non,En emploi,Homme,,,,,,,
06/10/2025 21:59:48,,"Punk, Rock 'n' roll, Chanson franÃ§aise engagÃ©e ","2020â€™s, 1980â€™s, 1970â€™s ou avant","FranÃ§ais, Anglais",Spotify,,Plus dâ€™une fois par jour,,Oui,40 - 49 ans,"Good vibes, Motivation, SoirÃ©e, Chill, Tristesse, Love, Focus",,Moins de 10 minutes,"Entre amis, En famille, Seul(e), En fÃªte",J'accepte,Renaud,Salop.e ThÃ©rapie taxi ,Oui,En emploi,Femme,,,,,,,
06/10/2025 23:03:01,,"Country, Disco, Rock 'n' roll",1980â€™s,"FranÃ§ais, Anglais",Ne souhaite pas rÃ©pondre,,Plus dâ€™une fois par semaine,,Non,,,,Plus de 10 minutes,"Entre amis, En famille, Seul(e), En fÃªte",J'accepte,,,,,,,,,,,,
06/10/2025 23:25:55,,"Blues, Electro / Techno, Punk","2010â€™s, 1990â€™s, 1970â€™s ou avant","FranÃ§ais, Anglais","Spotify, Youtube",,Plus dâ€™une fois par jour,,Oui,40 - 49 ans,"Motivation, SoirÃ©e, Tristesse",,Plus de 10 minutes,"Entre amis, En famille, Seul(e), En fÃªte",J'accepte,Mathieu shedid,Renaud la jeune fille du metro,Oui,En emploi,Homme,,,,,,,
07/10/2025 08:34:35,,"Classique, Hard rock, Metal","2000â€™s, 1990â€™s, 1980â€™s, 1970â€™s ou avant","FranÃ§ais, Anglais, Sans parole, Allemand","Deezer, Spotify, Youtube, musiques tÃ©lÃ©chargÃ©es",,Plus dâ€™une fois par jour,,Oui,10 - 19 ans,"Good vibes, Motivation, SoirÃ©e, Chill, Tristesse, Love, Focus",,Moins 5 minutes,"Entre amis, En famille, Seul(e), En fÃªte",J'accepte,Sepultura,ratamahatta,Non,Etudiant(e),Homme,,,,,,,
07/10/2025 09:03:26,,"Disco, Electro / Techno, R'n'B","2020â€™s, 2000â€™s, 1980â€™s","FranÃ§ais, Anglais, Sans parole","Youtube, TÃ©lÃ©chargÃ© ",,Plus dâ€™une fois par semaine,,Oui,30 - 39 ans,"Motivation, SoirÃ©e, Tristesse",,Moins 5 minutes,"Seul(e), En fÃªte",J'accepte,,,Oui,En recherche d'emploi,Femme,,,,,,,
07/10/2025 09:08:03,,"Disco, Musique bretonne ",1980â€™s,"FranÃ§ais, FranÃ§ais ",FM et radio player,,Plus dâ€™une fois par jour,,Non,,,,Plus de 10 minutes,Seul(e),J'accepte,,,,,,,,,,,,
07/10/2025 09:09:50,,"Disco, R'n'B","1990â€™s, 1980â€™s, 1970â€™s ou avant","FranÃ§ais, Anglais",Youtube,,Plus dâ€™une fois par jour,,Non,,,,Plus de 10 minutes,"En famille, Seul(e)",J'accepte,,,,,,,,,,,,
07/10/2025 09:13:58,,"Disco, Electro / Techno, R'n'B","2000â€™s, 1990â€™s, 1980â€™s","FranÃ§ais, Anglais","Spotify, Youtube",,Plus dâ€™une fois par semaine,,Non,,,,Plus de 10 minutes,"Entre amis, En famille, En fÃªte",J'accepte,,,,,,,,,,,,
07/10/2025 10:07:46,,"Hip-Hop, Rock 'n' roll, R'n'B","2020â€™s, 2000â€™s, 1990â€™s, 1980â€™s","FranÃ§ais, Anglais","Spotify, Youtube",,Plus dâ€™une fois par jour,,Oui,30 - 39 ans,"Good vibes, Motivation, SoirÃ©e, Chill, Tristesse, Love",,Moins 5 minutes,"Entre amis, En famille, Seul(e), En fÃªte",J'accepte,,,Oui,En emploi,Femme,,,,,,,
07/10/2025 13:42:40,,"Hard rock, Metal, Rock 'n' roll",1990â€™s,Anglais,"Deezer, Spotify, Youtube",,Plus dâ€™une fois par jour,,Oui,10 - 19 ans,"Good vibes, Chill, Tristesse",,Moins 5 minutes,Seul(e),J'accepte,Radiohead,Funny - Scars On Broadway,Oui,Etudiant(e),Homme,,,,,,,
07/10/2025 13:45:55,,Rap,2020â€™s,"FranÃ§ais, Anglais",AppleMusic,,Plus dâ€™une fois par jour,,Oui,20 - 29 ans,"Good vibes, Motivation, SoirÃ©e, Chill, Tristesse, Love, Focus",,Moins 5 minutes,"Entre amis, En famille, Seul(e), En fÃªte",J'accepte,MIGOS,Comme Benze - Wixo & La2S,Oui,Etudiant(e),Homme,,,,,,,
07/10/2025 14:10:39,,Rock 'n' roll,1980â€™s,Anglais,Spotify,,Plus dâ€™une fois par jour,,Oui,50+ ans,"Good vibes, Motivation, SoirÃ©e",,01h Ã  02h par jour,"Entre amis, En famille, Seul(e), En fÃªte",J'accepte,U2,Big jet plane de Angus and Julia Stones,Oui,En emploi,Femme,,,,,,,
07/10/2025 14:25:00,,"Classique, Hard rock, Metal","2000â€™s, 1990â€™s, 1980â€™s, 1970â€™s ou avant","FranÃ§ais, Anglais, Japonais, Sans parole","Spotify, Youtube",,Plus dâ€™une fois par jour,,Oui,20 - 29 ans,"Good vibes, Motivation, Focus",,Moins 5 minutes,"Entre amis, Seul(e), En fÃªte",J'accepte,Gorillaz,Kingslayer,Oui,En emploi,Homme,,,,,,,
07/10/2025 14:52:41,,"Classique, Hard rock, Metal","2020â€™s, 2010â€™s, 2000â€™s","FranÃ§ais, Anglais, Sans parole","Deezer, Youtube",,Plus dâ€™une fois par jour,,Oui,20 - 29 ans,"Motivation, Chill",,Moins de 10 minutes,"En famille, Seul(e)",J'accepte,Gloryhammer,Unravelling : Muse,Oui,Etudiant(e),Homme,,,,,,,
07/10/2025 14:57:49,,"Funk, Jazz, Rock 'n' roll","2020â€™s, 2010â€™s, 2000â€™s, 1990â€™s, 1980â€™s","FranÃ§ais, Anglais","Deezer, Spotify, Youtube",,Plus dâ€™une fois par jour,,Oui,50+ ans,"Good vibes, Motivation, SoirÃ©e",,Plus de 10 minutes,"En famille, Seul(e), En fÃªte",J'accepte,Radiohead ,Idles grace,Oui,En emploi,Femme,,,,,,,
07/10/2025 15:00:40,,"Electro / Techno, Pop, Rock 'n' roll","2020â€™s, 2000â€™s, 1980â€™s",Anglais,Youtube,,Plus dâ€™une fois par jour,,Oui,20 - 29 ans,"Good vibes, Motivation, SoirÃ©e, Chill, Focus",,Moins 5 minutes,Seul(e),J'accepte,Against the curent ,September de Earth wind and fire,Oui,Etudiant(e),Homme,,,,,,,
07/10/2025 15:00:48,,"Disco, Pop","2020â€™s, 2010â€™s, 2000â€™s, 1990â€™s, 1980â€™s","FranÃ§ais, Anglais, Espagnol",TÃ©lÃ©chargement ,,Plus dâ€™une fois par mois,,Oui,20 - 29 ans,"Chill, Love",,Moins 5 minutes,"Entre amis, En famille, Seul(e)",J'accepte,,,Non,Etudiant(e),Femme,,,,,,,
07/10/2025 15:01:03,,"Electro / Techno, K-pop, Pop","2020â€™s, 2010â€™s, 2000â€™s","FranÃ§ais, Anglais, Japonais, CorÃ©en",Youtube,,Plus dâ€™une fois par jour,,Oui,20 - 29 ans,"Good vibes, Motivation, SoirÃ©e, Chill, Tristesse",,Moins 5 minutes,"Entre amis, Seul(e), En fÃªte",J'accepte,Dua lipa,Dead dance - Lady gaga,Oui,En recherche d'emploi,Homme,,,,,,,
07/10/2025 15:01:14,,"Hip-Hop, Pop, Rock 'n' roll","2010â€™s, 1990â€™s","FranÃ§ais, Anglais","Deezer, Youtube",,Plus dâ€™une fois par jour,,Oui,20 - 29 ans,"Good vibes, Motivation, Love",,Moins 5 minutes,Seul(e),J'accepte,,,Oui,En emploi,Femme,,,,,,,
07/10/2025 15:05:13,,"Disco, Electro / Techno, Rock 'n' roll","2010â€™s, 2000â€™s, 1990â€™s, 1980â€™s","FranÃ§ais, Anglais, Sans parole",Spotify,,Plus dâ€™une fois par mois,,Oui,20 - 29 ans,"Motivation, SoirÃ©e, Focus",,Moins 5 minutes,En fÃªte,J'accepte,Depeche mode ,Ne saute pas de Calogero et Hoshie ,Oui,En recherche d'emploi,Femme,,,,,,,
07/10/2025 15:06:53,,"Hard rock, Metal, Rock 'n' roll","2020â€™s, 2010â€™s, 2000â€™s, 1990â€™s, 1980â€™s, 1970â€™s ou avant","FranÃ§ais, Anglais, Espagnol, T",Deezer,,Plus dâ€™une fois par jour,,Oui,20 - 29 ans,"Good vibes, Motivation, SoirÃ©e, Chill, Tristesse, Love, Focus",,Moins 5 minutes,Russe ,J'accepte,Bennykay,Oxygene de jenjulius ,Oui,En recherche d'emploi,Homme,,,,,,,
07/10/2025 15:08:07,,"Blues, Country, Jazz","2020â€™s, 1990â€™s, 1980â€™s",Anglais,Radio,,Plus dâ€™une fois par semaine,,Oui,50+ ans,"Good vibes, Motivation, Love",,Plus de 10 minutes,"Entre amis, Seul(e)",J'accepte,,Morceaux de jazz des annÃ©es 60,Oui,RetraitÃ©(e),Femme,,,,,,,
07/10/2025 15:13:28,,"Metal, Pop, Rap","2020â€™s, 2010â€™s, 2000â€™s, 1990â€™s, 1980â€™s, 1970â€™s ou avant","FranÃ§ais, Anglais, Espagnol, Japonais, Sans parole",Youtube,,Plus dâ€™une fois par jour,,Oui,30 - 39 ans,"Motivation, SoirÃ©e",,Moins 5 minutes,"Entre amis, Seul(e), En fÃªte",J'accepte,Kyo,"""Your better half"" Venom 2 RAP by JT Music",Oui,En emploi,Femme,,,,,,,
07/10/2025 16:01:01,,"Funk, Pop, Rock 'n' roll","2020â€™s, 2010â€™s, 2000â€™s, 1990â€™s, 1980â€™s, 1970â€™s ou avant","FranÃ§ais, Anglais","Youtube, Radio ",,Plus dâ€™une fois par jour,,Non,,,,Moins 5 minutes,"Entre amis, Seul(e), En fÃªte",J'accepte,,,,,,,,,,,,
07/10/2025 16:26:16,,"Classique, Electro / Techno, Rock 'n' roll","2020â€™s, 2010â€™s, 2000â€™s, 1990â€™s, 1980â€™s, 1970â€™s ou avant","FranÃ§ais, Anglais",Spotify,,Plus dâ€™une fois par jour,,Oui,20 - 29 ans,"Good vibes, Motivation, SoirÃ©e, Chill, Focus",,Moins 5 minutes,Seul(e),J'accepte,Vilk,"amaria, two steps from hell",Oui,En emploi,Femme,,,,,,,
07/10/2025 16:33:13,,"Hard rock, Metal, Rock 'n' roll","2020â€™s, 2010â€™s, 2000â€™s, 1990â€™s","FranÃ§ais, Anglais, Espagnol, Japonais, CorÃ©en, Allemand, Chinois","Spotify, Youtube",,Plus dâ€™une fois par semaine,,Oui,20 - 29 ans,"Good vibes, SoirÃ©e, Chill, Focus",,Plus de 10 minutes,"Entre amis, En famille, Seul(e), En fÃªte",J'accepte,Powerwolf ,LumiÃ¨re,Oui,En recherche d'emploi,Femme,,,,,,,
07/10/2025 16:45:20,,"Musique latine, Pop, Rap","2020â€™s, 2010â€™s, 2000â€™s, 1990â€™s, 1980â€™s","FranÃ§ais, Anglais, Espagnol, Portugais",Spotify,,Plus dâ€™une fois par jour,,Oui,20 - 29 ans,"Good vibes, SoirÃ©e, Chill, Focus",,Moins de 2 minutes,"Entre amis, Seul(e), En fÃªte",J'accepte,Damso ,Impardonnable ,Oui,Etudiant(e),Femme,,,,,,,
07/10/2025 16:48:38,,"Pop, Rock 'n' roll","2020â€™s, 1990â€™s, 1980â€™s","FranÃ§ais, Anglais",Radio,,Plus dâ€™une fois par jour,,Oui,50+ ans,"Good vibes, Motivation, SoirÃ©e",,Moins de 10 minutes,"Seul(e), En fÃªte",J'accepte,Indochine,Summer body,Oui,En emploi,Femme,,,,,,,
07/10/2025 16:55:53,,"Jazz, Pop, Rock 'n' roll","2000â€™s, 1990â€™s, 1980â€™s, 1970â€™s ou avant","FranÃ§ais, Anglais, Sans parole","Spotify, Youtube, BibliothÃ¨que perso en Ipod",,Beaucoup .au moins 20minutes par heure,,Oui,50+ ans,"Good vibes, Chill, Focus",,Plus de 10 minutes,"Seul(e), En fÃªte, Au boulot et surtout en voiture",J'accepte,The cure,Deep purple child in time,Oui,En emploi,Homme,,,,,,,
07/10/2025 17:22:50,,Rap,"2020â€™s, 2010â€™s, 2000â€™s","FranÃ§ais, Anglais",CD,,Plus dâ€™une fois par semaine,,Oui,20 - 29 ans,Good vibes,,Plus de 10 minutes,Seul(e),J'accepte,Lorenzo,Musique du GP3 Â«Â un monde Ã  lâ€™autreÂ Â»,Non,En emploi,Femme,,,,,,,
07/10/2025 17:45:54,,"Disco, Electro / Techno, Pop","2020â€™s, 2010â€™s, 2000â€™s, 1990â€™s, 1980â€™s","FranÃ§ais, Anglais",Youtube,,Plus dâ€™une fois par jour,,Oui,20 - 29 ans,Good vibes,,"Les 4 rÃ©ponses, cela dÃ©pend de la musique ",Seul(e),J'accepte,J'en ai pas,Gold guns girl - Metric,Oui,Alternance ,Femme,,,,,,,
07/10/2025 17:59:47,,"Electro / Techno, Pop, Rap","2020â€™s, 2010â€™s, 2000â€™s","FranÃ§ais, Anglais",Deezer,,Plus dâ€™une fois par jour,,Oui,20 - 29 ans,"Good vibes, Motivation, SoirÃ©e",,Moins 5 minutes,"Entre amis, Seul(e), En fÃªte",J'accepte,Fredz,FÃªte des annÃ©es 70 de james Baker ,Oui,En emploi,Femme,,,,,,,
07/10/2025 18:53:39,,"Electro / Techno, Musique latine, Pop","2020â€™s, 2010â€™s, 2000â€™s, 1990â€™s, 1980â€™s","FranÃ§ais, Anglais, Espagnol","Deezer, Youtube",,Plus dâ€™une fois par semaine,,Oui,50+ ans,"Motivation, SoirÃ©e",,Plus de 10 minutes,"Entre amis, En famille, Seul(e), En fÃªte",J'accepte,U2,"Duran duran ""come undone""",Oui,En emploi,Homme,,,,,,,
07/10/2025 19:35:45,,"Electro / Techno, Pop, Rap","2020â€™s, 2000â€™s, 1980â€™s, 1970â€™s ou avant","FranÃ§ais, Anglais",AppleMusic,,Plus dâ€™une fois par jour,,Oui,20 - 29 ans,"Good vibes, Chill, Ã‰nergie ",,Moins 5 minutes,"Entre amis, En famille, Seul(e), En fÃªte",J'accepte,Jorja smith ,New estate de Giant Rooks,Non,En emploi,Femme,,,,,,,
07/10/2025 19:51:36,,"Electro / Techno, Punk, Rap","2020â€™s, 2010â€™s, 2000â€™s, 1990â€™s","FranÃ§ais, Anglais, Russe, allemand ",Youtube,,Plus dâ€™une fois par semaine,,Oui,30 - 39 ans,"Good vibes, SoirÃ©e, Chill",,Moins 5 minutes,"Entre amis, Seul(e), En fÃªte, En voiture et trajet divers",J'accepte,"J'en ai pas vraiment, on va dire Oliver Tree",DÃ©so mais c'est du russe ðŸ™ƒ ÐšÐ£ÐžÐš â€“ ÐŸÑ‚Ð¸Ñ†Ð°,Non,En recherche d'emploi,Femme,,,,,,,
07/10/2025 20:25:30,,K-pop,"2020â€™s, 2010â€™s, 2000â€™s","Anglais, CorÃ©en","Spotify, Youtube",,Plus dâ€™une fois par jour,,Oui,20 - 29 ans,"Good vibes, Motivation, SoirÃ©e, Chill, Tristesse, Love, Focus",,Moins 5 minutes,"Entre amis, En famille, Seul(e), En fÃªte",J'accepte,seventeen ,fashion - cortis ,Oui,Etudiant(e),Femme,,,,,,,
07/10/2025 21:31:11,,"Rap, Shatta","2020â€™s, 2010â€™s, 2000â€™s, 1990â€™s","FranÃ§ais, Anglais",Spotify,,Plus dâ€™une fois par jour,,Oui,20 - 29 ans,"Good vibes, SoirÃ©e, Chill, Tristesse",,Moins 5 minutes,"Entre amis, Seul(e), En fÃªte",J'accepte,Damso theodora plk,,Oui,Etudiant(e),Femme,,,,,,,
07/10/2025 21:32:12,,"Electro / Techno, Pop, Rap","2020â€™s, 2010â€™s","FranÃ§ais, Anglais, Sans parole",Deezer,,Plus dâ€™une fois par jour,,Oui,20 - 29 ans,"Good vibes, Motivation, SoirÃ©e, Chill, Love",,Moins 5 minutes,"Entre amis, En famille, Seul(e), En fÃªte",J'accepte,The weeknd ,Zou bisou de Theodora (vraiment banger) ,Oui,Etudiant(e),Homme,,,,,,,
07/10/2025 21:58:38,,"Electro / Techno, Musique latine, Pop","2020â€™s, 2010â€™s, 2000â€™s, 1990â€™s","FranÃ§ais, Anglais, Espagnol","Spotify, Youtube",,Plus dâ€™une fois par jour,,Oui,40 - 49 ans,"Good vibes, Motivation, SoirÃ©e",,Plus de 10 minutes,"Entre amis, En famille, Seul(e), En fÃªte",J'accepte,Coldplay ,Golden,Oui,En emploi,Femme,,,,,,,
07/10/2025 22:16:36,,"Pop, Rock 'n' roll","2020â€™s, 1970â€™s ou avant","FranÃ§ais, Anglais, Espagnol",Youtube,,Plus dâ€™une fois par semaine,,Oui,40 - 49 ans,"Motivation, SoirÃ©e",,Plus de 10 minutes,"Entre amis, En famille, Seul(e), En fÃªte",J'accepte,Offpring ,,Oui,En emploi,Femme,,,,,,,
07/10/2025 23:28:59,,"Pop, Rock 'n' roll","2020â€™s, 2010â€™s, 2000â€™s, 1990â€™s, 1980â€™s, 1970â€™s ou avant","FranÃ§ais, Anglais, Japonais",Youtube,,Plus dâ€™une fois par jour,,Oui,20 - 29 ans,"Good vibes, Motivation, Chill, Focus",,Moins 5 minutes,"Entre amis, Seul(e)",J'accepte,Mili,Mirai Kodai Orchestra - Forgotten Words,Non,En recherche d'emploi,Homme,,,,,,,
07/10/2025 23:38:39,,"Hip-Hop, Rap, R'n'B","2020â€™s, 2010â€™s, 1990â€™s","FranÃ§ais, Anglais, Espagnol","Spotify, Youtube, TÃ©lÃ©charger sur mon tel",,Plus dâ€™une fois par jour,,Oui,20 - 29 ans,"Good vibes, Chill",,Moins 5 minutes,"Entre amis, Seul(e), En fÃªte",J'accepte,Zola,Trop beau de Lomepal,Oui,Etudiant(e),Homme,,,,,,,
07/10/2025 23:45:12,,Rap,"2020â€™s, 2010â€™s","FranÃ§ais, Anglais",Deezer,,Plus dâ€™une fois par jour,,Oui,20 - 29 ans,"Good vibes, SoirÃ©e, Chill",,Moins 5 minutes,"Entre amis, Seul(e), En fÃªte",J'accepte,Laylow ,ObligÃ© de prendre pnl ,Non,Etudiant(e),Homme,,,,,,,
07/10/2025 23:56:17,,"Musique latine, Rap",2020â€™s,"FranÃ§ais, Anglais, Espagnol","Deezer, Youtube",,Plus dâ€™une fois par semaine,,Oui,10 - 19 ans,"Good vibes, Motivation, SoirÃ©e, Chill, Focus",,Moins 5 minutes,"Entre amis, Seul(e)",J'accepte,,Hoolywood PesoPluma,Oui,Etudiant(e),Homme,,,,,,,
08/10/2025 07:10:09,,J' aime toutes les mÃ©lodies ,"2000â€™s, 1990â€™s","FranÃ§ais, Anglais, Espagnol, Allemand ",TV Radio ,,Plus dâ€™une fois par jour,,Non,,,,Plus de 10 minutes,"Entre amis, En famille, Seul(e), En fÃªte",J'accepte,,,,,,,,,,,,
08/10/2025 08:11:10,,Pop,"1990â€™s, 1980â€™s","FranÃ§ais, Anglais",Radio,,Plus dâ€™une fois par jour,,Oui,50+ ans,"Good vibes, SoirÃ©e",,Moins 5 minutes,"Entre amis, En famille, Seul(e), En fÃªte",J'accepte,Artic monkeys ,Je ne sais pas ,Oui,En emploi,Femme,,,,,,,
08/10/2025 09:24:09,,"Electro / Techno, Jazz, Pop","2020â€™s, 2010â€™s, 2000â€™s, 1990â€™s","FranÃ§ais, Anglais, Espagnol",Youtube,,Plus dâ€™une fois par jour,,Oui,20 - 29 ans,"Good vibes, Motivation, SoirÃ©e, Focus",,Moins 5 minutes,"Entre amis, Seul(e), En fÃªte",J'accepte,Lorenzo,Policeman de eva simons,Oui,Etudiant(e),Femme,,,,,,,
08/10/2025 13:00:08,,"Musique latine, Pop, Rap","2020â€™s, 2010â€™s","FranÃ§ais, Anglais, Japonais",Spotify,,Plus dâ€™une fois par jour,,Oui,20 - 29 ans,"Good vibes, Motivation",,Plus de 10 minutes,"Entre amis, En famille, Seul(e), En fÃªte",J'accepte,Bad bunny,Dtmf de bad bunny,Oui,En emploi,Femme,,,,,,,
08/10/2025 14:09:38,,Rap,2020â€™s,FranÃ§ais,"Youtube, Amerigo ",,Plus dâ€™une fois par jour,,Oui,10 - 19 ans,"Good vibes, Motivation, Chill, Focus, Jâ€™Ã©coute des musiques tristes mais je suis jamais triste pour autant ",,Moins 5 minutes,"Entre amis, Seul(e), Pendant le sex",J'accepte,Luther/Femtogo,g.lasÃ©e de Luther,Oui,En emploi,Homme,,,,,,,
08/10/2025 17:50:49,,"Classique, Rap, Rock 'n' roll","1990â€™s, 1980â€™s","FranÃ§ais, Anglais",Deezer,,Plus dâ€™une fois par jour,,Non,,,,Moins de 10 minutes,Seul(e),J'accepte,,,,,,,,,,,,
09/10/2025 07:06:00,,"Electro / Techno, Pop, Rap",2020â€™s,FranÃ§ais,Deezer,,Plus dâ€™une fois par jour,,Oui,20 - 29 ans,"Good vibes, Tristesse",,Moins 5 minutes,Seul(e),J'accepte,Wallace cleaver ,Babymoon - Sokuu,Oui,En recherche d'emploi,Homme,,,,,,,
09/10/2025 08:28:19,,"Funk, Pop, Rap","2020â€™s, 2010â€™s, 2000â€™s","FranÃ§ais, Anglais",Deezer,,Plus dâ€™une fois par semaine,,Oui,40 - 49 ans,"Good vibes, Motivation, SoirÃ©e",,Moins 5 minutes,"Entre amis, En famille, Seul(e)",J'accepte,,,Oui,En emploi,Femme,,,,,,,
09/10/2025 08:51:18,,"Musique latine, Pop, Reggae","2000â€™s, 1990â€™s, 1980â€™s, 1970â€™s ou avant","FranÃ§ais, Anglais","Spotify, Radio",,Plus dâ€™une fois par jour,,Oui,40 - 49 ans,"Good vibes, SoirÃ©e, Chill, Love",,Moins 5 minutes,"Entre amis, En famille, Seul(e), En fÃªte",J'accepte,Catherine ringer,One love,Oui,En emploi,Femme,,,,,,,
09/10/2025 09:29:59,,"Electro / Techno, R'n'B","2020â€™s, 2000â€™s, 1990â€™s","Anglais, Espagnol, Arabe",Spotify,,Plus dâ€™une fois par jour,,Oui,20 - 29 ans,"Good vibes, Motivation, SoirÃ©e, Chill, Tristesse, Love, Focus",,Moins de 10 minutes,"Seul(e), En fÃªte",J'accepte,Fka twigs,Tequila coma / yeule,Oui,Etudiant(e),Homme,,,,,,,
09/10/2025 09:33:22,,"Classique, Jazz, Musique latine","1980â€™s, 1970â€™s ou avant","FranÃ§ais, Sans parole",AppleMusic,,Plus dâ€™une fois par jour,,Oui,50+ ans,Focus,,Plus de 10 minutes,Seul(e),J'accepte,Keith jarett,IndiffÃ©rence ,Oui,En emploi,Homme,,,,,,,
09/10/2025 13:09:29,,"Pop, Rap, R'n'B","2020â€™s, 2010â€™s, 2000â€™s, 1990â€™s, 1980â€™s","FranÃ§ais, Anglais","Spotify, Youtube",,Plus dâ€™une fois par jour,,Oui,20 - 29 ans,"Good vibes, SoirÃ©e, Chill, Focus",,Moins 5 minutes,"Seul(e), En fÃªte",J'accepte,,"Un monde Ã  l'autre, GIMS La mano SCH",Non,Etudiant(e),Homme,,,,,,,
09/10/2025 14:51:50,,"Pop, Rap","2020â€™s, 2010â€™s, 2000â€™s","FranÃ§ais, Anglais, Espagnol, Japonais",Deezer,,Plus dâ€™une fois par jour,,Oui,10 - 19 ans,"Good vibes, Motivation, SoirÃ©e, Chill, Tristesse, Love, Focus",,Moins 5 minutes,"Entre amis, Seul(e)",J'accepte,,,Non,Etudiant(e),Homme,,,,,,,
10/10/2025 19:21:31,,"Metal, Pop, Rock 'n' roll","2020â€™s, 2010â€™s, 2000â€™s, 1990â€™s","FranÃ§ais, Anglais, Sans parole",Spotify,,Plus dâ€™une fois par jour,,Oui,10 - 19 ans,"Good vibes, Motivation, SoirÃ©e, Chill, Tristesse, Love, Focus",,Moins 5 minutes,"Entre amis, Seul(e), En fÃªte",J'accepte,LINKI PARK,Comfortably number (c'est un chef d'oeuvre allez Ã©couter),Oui,Etudiant(e),Femme,,,,,,,
10/10/2025 22:31:50,,"Electro / Techno, K-pop, Pop","2020â€™s, 2010â€™s, 1990â€™s","FranÃ§ais, Anglais, CorÃ©en",Amazon music ,,Plus dâ€™une fois par semaine,,Oui,50+ ans,"Good vibes, Motivation",,Moins 5 minutes,"Seul(e), En courant ",J'accepte,Guetta ,Gold Antoine Clamaran ,Oui,En emploi,Femme,,,,,,,
11/10/2025 00:23:14,,Je ne sais pas,"2020â€™s, 2010â€™s, 2000â€™s","Anglais, Japonais, Sans parole","Youtube, Nintendo Music",,Plus dâ€™une fois par semaine,,Oui,20 - 29 ans,"Good vibes, Motivation, Focus",,Moins 5 minutes,"Seul(e), Au travail",J'accepte,OxT,(! Risque de spoil si vous vous renseignez trop -->!) 72. Neverending Night (DELTARUNE Chapter 3+4 Soundtrack) - Toby Fox,Oui,Etudiant(e),Homme,,,,,,,
11/10/2025 16:19:22,,"Disco, Hip-Hop, Pop","2000â€™s, 1990â€™s, 1980â€™s",FranÃ§ais,Youtube,,Plus dâ€™une fois par jour,,Non,,,,Plus de 10 minutes,"Seul(e), En fÃªte",J'accepte,,,,,,,,,,,,
12/10/2025 20:07:50,,"Blues, Disco, Rock 'n' roll","2020â€™s, 1980â€™s, Ne souhaite pas rÃ©pondre","FranÃ§ais, Anglais",Youtube,,Plus dâ€™une fois par semaine,,Non,,,,Moins 5 minutes,En famille,J'accepte,,,,,,,,,,,,
12/10/2025 23:38:57,,"Electro / Techno, Reggae, Rock 'n' roll","2020â€™s, 1970â€™s ou avant","FranÃ§ais, Anglais",Deezer,,Plus dâ€™une fois par jour,,Oui,40 - 49 ans,"Good vibes, SoirÃ©e, Love",,Moins de 2 minutes,"Entre amis, Seul(e), En fÃªte",J'accepte,Lâ€™entourloupe ,Lâ€™entourloupe ,Oui,En emploi,Homme,,,,,,,
13/10/2025 10:00:31,,Classique,"2020â€™s, 1980â€™s","FranÃ§ais, Anglais",Radio,,Plus dâ€™une fois par jour,,Oui,50+ ans,SoirÃ©e,,Moins 5 minutes,"Seul(e), En fÃªte",J'accepte,Stromae,,Oui,En emploi,Femme,,,,,,,
13/10/2025 12:35:42,,synthwave,"2020â€™s, 2010â€™s",Anglais,Youtube,,Plus dâ€™une fois par semaine,,Oui,10 - 19 ans,"Good vibes, Chill",,Moins 5 minutes,Seul(e),J'accepte,daft punks,memory reboot,Non,Etudiant(e),Homme,,,,,,,
14/10/2025 17:18:53,,"Pop, Rap","2020â€™s, 2010â€™s","FranÃ§ais, Anglais",FreeMusic,,Plus dâ€™une fois par jour,,Oui,20 - 29 ans,"Good vibes, Motivation, Chill, Focus",,Moins 5 minutes,Seul(e),J'accepte,Yeat,Gp explorer - Dernier bolide,Oui,Etudiant(e),Homme,,,,,,,